,Id,LotFrontage,LotArea,MasVnrArea,1stFlrSF,2ndFlrSF,GrLivArea,GarageArea,SalePrice,GarageType_1,GarageType_2,GarageType_3,GarageType_4,GarageType_5
0,1,65.0,8450,196.0,856,854,1710,548,208500,1,0,0,0,0
1,2,80.0,9600,0.0,1262,0,1262,460,181500,1,0,0,0,0
2,3,68.0,11250,162.0,920,866,1786,608,223500,1,0,0,0,0
3,4,60.0,9550,0.0,961,756,1717,642,140000,0,0,0,0,1
4,5,84.0,14260,350.0,1145,1053,2198,836,250000,1,0,0,0,0
5,6,85.0,14115,0.0,796,566,1362,480,143000,1,0,0,0,0
6,7,75.0,10084,186.0,1694,0,1694,636,307000,1,0,0,0,0
8,9,51.0,6120,0.0,1022,752,1774,468,129900,0,0,0,0,1
9,10,50.0,7420,0.0,1077,0,1077,205,118000,1,0,0,0,0
10,11,70.0,11200,0.0,1040,0,1040,384,129500,0,0,0,0,1
11,12,85.0,11924,286.0,1182,1142,2324,736,345000,0,0,1,0,0
13,14,91.0,10652,306.0,1494,0,1494,840,279500,1,0,0,0,0
15,16,51.0,6120,0.0,854,0,854,576,132000,0,0,0,0,1
17,18,72.0,10791,0.0,1296,0,1296,516,90000,0,0,0,1,0
18,19,66.0,13695,0.0,1114,0,1114,576,159000,0,0,0,0,1
19,20,70.0,7560,0.0,1339,0,1339,294,139000,1,0,0,0,0
20,21,101.0,14215,380.0,1158,1218,2376,853,325300,0,0,1,0,0
21,22,57.0,7449,0.0,1108,0,1108,280,139400,1,0,0,0,0
22,23,75.0,9742,281.0,1795,0,1795,534,230000,1,0,0,0,0
23,24,44.0,4224,0.0,1060,0,1060,572,129900,1,0,0,0,0
26,27,60.0,7200,0.0,900,0,900,576,134800,0,0,0,0,1
27,28,98.0,11478,200.0,1704,0,1704,772,306000,1,0,0,0,0
28,29,47.0,16321,0.0,1600,0,1600,319,207500,1,0,0,0,0
29,30,60.0,6324,0.0,520,0,520,240,68500,0,0,0,0,1
30,31,50.0,8500,0.0,649,668,1317,250,40000,0,0,0,0,1
32,33,85.0,11049,0.0,1234,0,1234,484,179900,1,0,0,0,0
33,34,70.0,10552,0.0,1700,0,1700,447,165500,1,0,0,0,0
34,35,60.0,7313,246.0,1561,0,1561,556,277500,1,0,0,0,0
35,36,108.0,13418,132.0,1132,1320,2452,691,309000,0,0,1,0,0
38,39,68.0,7922,0.0,1057,0,1057,246,109000,0,0,0,0,1
39,40,65.0,6040,0.0,1152,0,1152,0,82000,1,0,0,0,0
40,41,84.0,8658,101.0,1324,0,1324,440,160000,1,0,0,0,0
44,45,70.0,7945,0.0,1150,0,1150,300,141000,1,0,0,0,0
46,47,48.0,12822,0.0,1518,631,2149,670,239686,1,0,0,0,0
47,48,84.0,11096,0.0,1656,0,1656,826,249700,1,0,0,0,0
48,49,33.0,4456,0.0,736,716,1452,0,113000,1,0,0,0,0
49,50,66.0,7742,0.0,955,0,955,386,127000,1,0,0,0,0
51,52,52.0,6240,0.0,816,0,1176,528,114500,0,0,0,0,1
52,53,110.0,8472,0.0,816,0,816,516,110000,0,0,0,1,0
54,55,60.0,7134,0.0,1360,0,1360,572,130000,0,0,0,0,1
55,56,100.0,10175,272.0,1425,0,1425,576,180500,1,0,0,0,0
57,58,89.0,11645,0.0,860,860,1720,565,196500,1,0,0,0,0
59,60,60.0,7200,0.0,780,0,780,352,124900,0,0,0,0,1
60,61,63.0,13072,0.0,1158,0,1158,576,158000,0,0,0,0,1
61,62,60.0,7200,0.0,581,530,1111,288,101000,0,0,0,0,1
62,63,44.0,6442,178.0,1370,0,1370,484,202500,1,0,0,0,0
63,64,50.0,10300,0.0,902,808,1710,480,140000,0,0,0,0,1
65,66,76.0,9591,344.0,1143,1330,2473,852,317000,0,0,1,0,0
67,68,72.0,10665,167.0,1479,0,1479,558,226000,1,0,0,0,0
68,69,47.0,4608,0.0,747,0,747,220,80000,1,0,0,0,0
69,70,81.0,15593,0.0,1304,983,2287,667,225000,1,0,0,0,0
71,72,69.0,7599,0.0,845,0,845,360,129500,0,0,0,0,1
72,73,74.0,10141,40.0,885,833,1718,427,185000,1,0,0,0,0
73,74,85.0,10200,104.0,1086,0,1086,490,144900,1,0,0,0,0
74,75,60.0,5790,0.0,840,765,1605,379,107400,0,0,0,0,1
77,78,50.0,8635,0.0,1072,213,1285,240,127000,0,0,0,0,1
78,79,72.0,10778,0.0,1768,0,1768,0,136500,1,0,0,0,0
79,80,60.0,10440,0.0,682,548,1230,440,110000,0,0,0,0,1
83,84,80.0,8892,66.0,1065,0,1065,461,126500,0,0,0,0,1
87,88,40.0,3951,76.0,612,612,1224,528,164500,0,0,0,0,1
88,89,105.0,8470,0.0,1013,0,1526,0,85000,1,0,0,0,0
89,90,60.0,8070,0.0,990,0,990,0,123600,1,0,0,0,0
90,91,60.0,7200,0.0,1040,0,1040,420,109900,0,0,0,0,1
91,92,85.0,8500,203.0,1235,0,1235,480,98600,1,0,0,0,0
92,93,80.0,13360,0.0,964,0,964,432,163500,0,0,0,0,1
93,94,60.0,7200,0.0,1260,1031,2291,506,133900,0,0,0,0,1
94,95,69.0,9337,0.0,905,881,1786,684,204750,1,0,0,0,0
96,97,78.0,10264,183.0,1588,0,1588,472,214000,1,0,0,0,0
97,98,73.0,10921,48.0,960,0,960,432,94750,1,0,0,0,0
98,99,85.0,10625,0.0,835,0,835,366,83000,0,1,0,0,0
99,100,77.0,9320,0.0,1225,0,1225,0,128950,1,0,0,0,0
101,102,77.0,9206,336.0,977,755,1732,476,178000,1,0,0,0,0
102,103,64.0,7018,0.0,1535,0,1535,410,118964,1,0,0,0,0
103,104,94.0,10402,0.0,1226,0,1226,740,198900,1,0,0,0,0
106,107,60.0,10800,0.0,1047,0,1047,273,100000,0,0,0,0,1
107,108,50.0,6000,0.0,789,0,789,250,115000,0,0,0,0,1
108,109,85.0,8500,0.0,997,520,1517,0,115000,1,0,0,0,0
110,111,75.0,9525,0.0,1216,639,1855,325,136900,1,0,0,0,0
114,115,61.0,7259,0.0,1436,884,2320,180,259500,0,0,0,0,1
117,118,74.0,8536,0.0,1125,0,1125,430,155000,1,0,0,0,0
119,120,65.0,8461,0.0,728,728,1456,390,163990,1,0,0,0,0
121,122,50.0,6060,0.0,772,351,1123,264,100000,0,0,0,0,1
122,123,75.0,9464,135.0,1080,0,1080,288,136000,1,0,0,0,0
123,124,55.0,7892,0.0,1199,0,1199,530,153900,1,0,0,0,0
125,126,60.0,6780,0.0,520,0,754,0,84500,1,0,0,0,0
127,128,55.0,4388,0.0,840,0,840,0,87000,1,0,0,0,0
128,129,69.0,7590,266.0,660,688,1348,453,155000,1,0,0,0,0
129,130,69.0,8973,85.0,1053,0,1053,750,150000,0,0,0,0,0
130,131,88.0,14200,309.0,1216,941,2157,487,226000,1,0,0,0,0
132,133,75.0,7388,0.0,1327,0,1327,624,150750,0,0,0,0,1
134,135,78.0,10335,0.0,1721,0,1721,440,180000,1,0,0,0,0
135,136,80.0,10400,288.0,1682,0,1682,530,174000,1,0,0,0,0
137,138,82.0,11070,70.0,1959,0,1959,766,171000,0,0,0,0,0
138,139,73.0,9066,320.0,1004,848,1852,660,230000,1,0,0,0,0
139,140,65.0,15426,0.0,928,836,1764,470,231500,1,0,0,0,0
140,141,70.0,10500,0.0,864,0,864,0,115000,1,0,0,0,0
141,142,78.0,11645,0.0,1734,0,1734,660,260000,1,0,0,0,0
142,143,71.0,8520,0.0,910,475,1385,720,166000,0,0,0,0,1
143,144,78.0,10335,183.0,1501,0,1501,577,204000,1,0,0,0,0
144,145,70.0,9100,336.0,1728,0,1728,504,125000,0,0,0,0,1
146,147,51.0,6120,0.0,875,0,875,180,105000,0,0,0,0,1
148,149,63.0,7500,120.0,1080,0,1080,0,141000,1,0,0,0,0
154,155,84.0,11340,0.0,1200,0,1200,312,125000,0,0,0,0,1
155,156,60.0,9600,0.0,572,524,1096,0,79000,1,0,0,0,0
156,157,60.0,7200,0.0,1040,0,1040,625,109500,0,0,0,0,1
157,158,92.0,12003,84.0,774,1194,1968,680,269500,0,0,1,0,0
158,159,100.0,12552,0.0,991,956,1947,678,254900,1,0,0,0,0
162,163,95.0,12182,226.0,1541,0,1541,532,220000,1,0,0,0,0
163,164,55.0,5500,0.0,882,0,882,0,103200,1,0,0,0,0
164,165,40.0,5400,0.0,1149,467,1616,216,152000,0,0,0,0,1
165,166,62.0,10106,0.0,808,547,1355,0,127500,1,0,0,0,0
167,168,86.0,10562,300.0,1610,551,2161,789,325624,1,0,0,0,0
168,169,62.0,8244,0.0,840,880,1720,440,183500,1,0,0,0,0
172,173,44.0,5306,0.0,1064,703,1767,504,239000,1,0,0,0,0
174,175,47.0,12416,132.0,1651,0,1651,616,184000,1,0,0,0,0
176,177,97.0,10029,268.0,1164,896,2060,521,211000,1,0,0,0,0
179,180,60.0,8520,0.0,968,0,968,480,100000,0,0,0,0,1
181,182,54.0,7588,0.0,901,901,1802,216,200100,0,0,0,0,1
182,183,60.0,9060,98.0,1340,0,1340,252,120000,1,0,0,0,0
183,184,63.0,11426,0.0,1362,720,2082,484,200000,0,0,0,0,1
184,185,92.0,7438,0.0,936,316,1252,576,127000,1,0,0,0,0
187,188,60.0,10410,0.0,808,704,1656,180,135000,0,0,0,0,1
188,189,64.0,7018,275.0,1224,0,1224,528,153337,0,0,0,0,1
189,190,41.0,4923,0.0,1593,0,1593,682,286000,1,0,0,0,0
192,193,68.0,9017,0.0,1431,0,1431,666,192000,1,0,0,0,0
194,195,60.0,7180,0.0,864,0,864,352,127000,0,0,0,0,1
196,197,79.0,9416,205.0,1726,0,1726,786,311872,1,0,0,0,0
198,199,92.0,5520,0.0,929,929,2229,0,104000,1,0,0,0,0
199,200,76.0,9591,262.0,1713,0,1713,856,274900,1,0,0,0,0
200,201,80.0,8546,0.0,1121,0,1121,440,140000,1,0,0,0,0
201,202,75.0,10125,0.0,1279,0,1279,473,171500,0,0,0,0,1
202,203,50.0,7000,0.0,865,445,1310,398,112000,1,0,0,0,0
204,205,50.0,3500,0.0,720,564,1284,240,110000,0,0,0,0,1
205,206,99.0,11851,0.0,1442,0,1442,500,180500,1,0,0,0,0
206,207,40.0,13673,0.0,1696,0,1696,349,143900,1,0,0,0,0
209,210,75.0,8250,260.0,1092,0,1092,504,145000,1,0,0,0,0
210,211,67.0,5604,0.0,864,0,864,0,98000,1,0,0,0,0
211,212,83.0,10420,0.0,1212,0,1212,460,186000,1,0,0,0,0
212,213,72.0,8640,0.0,932,920,1852,644,252678,1,0,0,0,0
213,214,43.0,13568,0.0,990,0,990,576,156000,1,0,0,0,0
215,216,72.0,10011,64.0,1236,0,1236,447,134450,1,0,0,0,0
216,217,65.0,8450,266.0,1436,0,1436,484,210000,1,0,0,0,0
217,218,57.0,9906,0.0,810,518,1328,210,107000,0,0,0,0,1
219,220,43.0,3010,16.0,1248,0,1248,438,167240,1,0,0,0,0
220,221,73.0,8990,0.0,1498,0,1498,675,204900,1,0,0,0,0
222,223,85.0,11475,0.0,811,741,1552,434,179900,1,0,0,0,0
223,224,70.0,10500,0.0,864,0,864,576,97000,0,0,0,0,1
226,227,82.0,9950,290.0,1214,1306,2520,721,290000,1,0,0,0,0
228,229,70.0,8521,0.0,912,0,912,336,125000,0,0,0,0,1
229,230,43.0,3182,16.0,1555,0,1555,430,192500,1,0,0,0,0
230,231,73.0,8760,220.0,1194,0,1194,312,148000,1,0,0,0,0
233,234,75.0,10650,0.0,894,0,894,308,128200,1,0,0,0,0
236,237,65.0,8773,98.0,1414,0,1414,494,185500,1,0,0,0,0
238,239,93.0,12030,254.0,1694,0,1694,818,318000,1,0,0,0,0
239,240,52.0,8741,0.0,798,689,1487,220,113000,0,0,0,0,1
240,241,75.0,9000,36.0,1566,0,1566,750,262500,1,0,0,0,0
241,242,40.0,3880,0.0,866,0,866,0,110500,1,0,0,0,0
242,243,63.0,5000,0.0,889,551,1440,352,79000,1,0,0,0,0
243,244,75.0,10762,0.0,626,591,1217,288,120000,1,0,0,0,0
245,246,80.0,10400,102.0,1872,0,1872,604,241500,1,0,0,0,0
246,247,69.0,9142,0.0,908,1020,1928,440,137000,0,0,0,0,1
247,248,75.0,11310,0.0,1375,0,1375,451,140000,1,0,0,0,0
248,249,72.0,11317,101.0,840,828,1668,500,180000,1,0,0,0,0
250,251,55.0,5350,0.0,1306,0,1306,0,76500,1,0,0,0,0
252,253,65.0,8366,0.0,798,842,1640,520,173000,1,0,0,0,0
253,254,85.0,9350,108.0,1302,0,1302,309,158000,1,0,0,0,0
254,255,70.0,8400,0.0,1314,0,1314,294,145000,1,0,0,0,0
255,256,66.0,8738,302.0,1005,1286,2291,429,230000,0,0,1,0,0
256,257,64.0,8791,0.0,864,864,1728,673,207500,1,0,0,0,0
257,258,68.0,8814,180.0,1604,0,1604,660,220000,1,0,0,0,0
258,259,80.0,12435,172.0,963,829,1792,564,231500,1,0,0,0,0
259,260,70.0,12702,0.0,882,0,882,308,97000,0,0,0,0,1
261,262,69.0,9588,270.0,1482,1092,2574,868,276000,0,0,1,0,0
262,263,88.0,8471,46.0,1212,0,1212,492,151000,1,0,0,0,0
263,264,50.0,5500,0.0,926,0,1316,484,130000,0,0,0,0,1
264,265,30.0,5232,0.0,764,0,764,504,73000,0,0,0,0,1
265,266,78.0,12090,210.0,1422,0,1422,576,175500,1,0,0,0,0
266,267,70.0,11207,0.0,802,709,1511,413,185000,1,0,0,0,0
267,268,60.0,8400,0.0,1052,720,2192,240,179500,0,0,0,0,1
268,269,71.0,6900,0.0,778,0,778,924,120500,0,0,0,0,1
272,273,92.0,11764,348.0,1164,1106,2270,671,290000,1,0,0,0,0
273,274,80.0,9600,183.0,1632,0,1632,338,139000,1,0,0,0,0
274,275,76.0,8314,0.0,816,0,816,264,124500,1,0,0,0,0
275,276,55.0,7264,0.0,952,596,1548,672,205000,0,0,0,0,1
279,280,83.0,10005,299.0,1156,866,2022,505,192000,1,0,0,0,0
280,281,82.0,11287,340.0,1175,807,1982,575,228500,1,0,0,0,0
281,282,60.0,7200,68.0,1262,0,1262,572,185000,1,0,0,0,0
282,283,34.0,5063,166.0,1314,0,1314,626,207500,1,0,0,0,0
283,284,74.0,9612,72.0,1468,0,1468,898,244600,1,0,0,0,0
284,285,50.0,8012,0.0,1575,0,1575,529,179200,1,0,0,0,0
285,286,35.0,4251,0.0,625,625,1250,528,164700,0,0,0,0,1
286,287,77.0,9786,0.0,1085,649,1734,440,159000,1,0,0,0,0
289,290,60.0,8730,0.0,698,698,1396,384,153575,0,0,0,0,1
291,292,55.0,5687,0.0,936,780,1716,0,135900,1,0,0,0,0
292,293,60.0,11409,0.0,1148,568,1716,281,131000,1,0,0,0,0
294,295,80.0,9600,238.0,1644,0,1644,418,167000,1,0,0,0,0
295,296,37.0,7937,0.0,1003,0,1003,588,142500,0,0,0,0,1
296,297,75.0,13710,0.0,910,648,1558,282,152000,1,0,0,0,0
298,299,90.0,11700,365.0,1041,702,1743,539,175000,1,0,0,0,0
299,300,80.0,14000,0.0,1152,0,1152,300,158500,1,0,0,0,0
300,301,90.0,15750,56.0,1336,0,1336,375,157000,1,0,0,0,0
301,302,66.0,16226,0.0,1210,1242,2452,683,267000,0,0,1,0,0
303,304,70.0,9800,0.0,894,0,894,552,149900,1,0,0,0,0
305,306,80.0,10386,246.0,2000,0,2000,888,305900,1,0,0,0,0
309,310,90.0,12378,0.0,1944,0,1944,708,360000,1,0,0,0,0
311,312,50.0,8000,0.0,972,0,972,240,132000,0,0,0,0,1
312,313,65.0,7800,0.0,793,325,1118,410,119900,0,0,0,0,1
314,315,60.0,9600,0.0,832,809,1641,546,178000,0,0,0,0,1
315,316,71.0,7795,0.0,716,716,1432,432,188500,1,0,0,0,0
316,317,94.0,13005,278.0,1153,1200,2353,484,260000,1,0,0,0,0
320,321,111.0,16259,370.0,1249,1347,2596,840,342643,1,0,0,0,0
321,322,99.0,12099,388.0,1136,1332,2468,872,354000,0,0,1,0,0
323,324,49.0,5820,0.0,1163,0,1163,220,126175,1,0,0,0,0
325,326,50.0,5000,0.0,803,0,803,360,87000,0,0,0,0,1
326,327,32.0,10846,0.0,1719,0,1719,473,324000,1,0,0,0,0
327,328,80.0,11600,175.0,1383,0,1383,292,145250,1,0,0,0,0
329,330,60.0,6402,0.0,596,596,1192,189,78000,0,0,0,0,1
331,332,70.0,8176,0.0,1056,0,1056,308,139000,1,0,0,0,0
332,333,85.0,10655,296.0,1629,0,1629,880,284000,1,0,0,0,0
333,334,59.0,8198,146.0,1358,0,1358,484,207000,1,0,0,0,0
334,335,59.0,9042,0.0,943,695,1638,472,192000,1,0,0,0,0
336,337,86.0,14157,200.0,1922,0,1922,676,377426,1,0,0,0,0
337,338,70.0,9135,113.0,1536,0,1536,532,214000,1,0,0,0,0
338,339,91.0,14145,0.0,1621,0,1621,440,202500,1,0,0,0,0
339,340,66.0,12400,176.0,1215,0,1215,297,155000,1,0,0,0,0
340,341,85.0,14191,0.0,993,915,1908,431,202900,1,0,0,0,0
341,342,60.0,8400,0.0,841,0,841,294,82000,0,0,0,1,0
344,345,36.0,2592,0.0,536,576,1112,336,85000,1,0,0,0,0
345,346,65.0,6435,0.0,972,605,1577,312,140200,0,0,0,0,1
348,349,36.0,2448,106.0,764,862,1626,474,154000,0,0,1,0,0
350,351,68.0,7820,362.0,1869,0,1869,617,318061,1,0,0,0,0
352,353,60.0,9084,0.0,616,495,1111,200,95000,0,0,0,0,1
353,354,60.0,8520,0.0,720,0,720,484,105900,0,0,0,0,1
354,355,60.0,8400,0.0,1192,403,1595,240,140000,1,0,0,0,0
355,356,105.0,11249,0.0,1200,0,1200,521,177500,1,0,0,0,0
357,358,44.0,4224,0.0,1142,0,1142,528,134000,1,0,0,0,0
358,359,92.0,6930,120.0,1352,0,1352,288,130000,0,0,1,0,0
365,366,59.0,10690,0.0,672,672,1344,468,147000,0,0,0,0,1
367,368,101.0,9150,305.0,1431,0,1431,296,165000,0,1,0,0,0
368,369,78.0,7800,200.0,1268,0,1268,244,132000,1,0,0,0,0
372,373,50.0,7175,0.0,752,0,752,264,125000,1,0,0,0,0
373,374,79.0,10634,0.0,1319,0,1319,270,123000,1,0,0,0,0
374,375,65.0,8200,0.0,847,1081,1928,434,219500,0,0,1,0,0
376,377,57.0,8846,0.0,914,0,914,576,148000,0,0,0,0,1
377,378,102.0,11143,0.0,1580,886,2466,610,340000,1,0,0,0,0
378,379,88.0,11394,350.0,1856,0,1856,834,394432,1,0,0,0,0
379,380,60.0,8123,16.0,1007,793,1800,463,179000,1,0,0,0,0
380,381,50.0,5000,0.0,1026,665,1691,308,127000,0,0,0,0,1
381,382,60.0,7200,0.0,1301,0,1301,572,187750,1,0,0,0,0
382,383,79.0,9245,0.0,939,858,1797,639,213500,1,0,0,0,0
383,384,60.0,9000,0.0,784,0,784,360,76000,0,0,0,0,1
385,386,43.0,3182,16.0,1269,0,1269,430,192000,1,0,0,0,0
386,387,58.0,8410,0.0,658,526,1184,0,81000,1,0,0,0,0
387,388,72.0,7200,255.0,1125,0,1125,352,125000,0,0,0,0,1
388,389,93.0,9382,125.0,1479,0,1479,577,191000,1,0,0,0,0
389,390,96.0,12474,272.0,1742,590,2332,846,426000,0,0,1,0,0
390,391,50.0,8405,0.0,961,406,1367,384,119000,0,0,0,0,1
391,392,71.0,12209,0.0,804,1157,1961,560,215000,0,0,1,0,0
394,395,60.0,10134,0.0,735,299,1034,240,109000,0,0,0,0,1
395,396,68.0,9571,0.0,1144,0,1144,596,129000,1,0,0,0,0
396,397,60.0,7200,0.0,894,0,894,600,123000,0,0,0,0,1
397,398,69.0,7590,288.0,876,936,1812,264,169500,1,0,0,0,0
398,399,60.0,8967,0.0,1077,0,1077,338,67000,0,0,0,0,1
399,400,65.0,8125,100.0,1112,438,1550,438,241000,1,0,0,0,0
400,401,38.0,14963,0.0,1288,0,1288,500,245500,1,0,0,0,0
401,402,65.0,8767,0.0,1310,0,1310,400,164990,1,0,0,0,0
402,403,60.0,10200,0.0,672,0,672,240,108000,0,0,0,0,1
406,407,51.0,10480,0.0,1166,0,1639,240,115000,0,0,0,0,1
407,408,63.0,15576,0.0,840,840,1680,308,177000,1,0,0,0,0
408,409,109.0,14154,350.0,1071,1101,2172,947,280000,1,0,0,0,0
409,410,85.0,10800,100.0,1050,1028,2078,836,339750,1,0,0,0,0
410,411,68.0,9571,0.0,1276,0,1276,350,60000,1,0,0,0,0
413,414,56.0,8960,0.0,1028,0,1028,360,115000,0,0,0,0,1
414,415,59.0,11228,0.0,1080,1017,2097,678,228000,1,0,0,0,0
415,416,73.0,8899,0.0,1340,0,1340,396,181134,1,0,0,0,0
416,417,74.0,7844,203.0,672,728,1400,440,149500,1,0,0,0,0
418,419,60.0,8160,0.0,756,378,1134,240,126000,0,0,0,0,1
419,420,65.0,8450,0.0,1056,0,1056,304,142000,1,0,0,0,0
420,421,78.0,7060,200.0,1344,0,1344,784,206300,1,0,0,0,0
424,425,72.0,9000,74.0,1196,0,1196,297,139000,1,0,0,0,0
425,426,60.0,3378,0.0,707,682,1389,240,135000,0,0,0,0,1
427,428,77.0,8593,0.0,907,0,907,352,109008,0,0,0,0,1
428,429,64.0,6762,108.0,1208,0,1208,628,195400,1,0,0,0,0
431,432,60.0,5586,0.0,1088,110,1198,0,79900,1,0,0,0,0
433,434,100.0,10839,0.0,926,678,1604,470,181000,1,0,0,0,0
435,436,43.0,10667,0.0,827,834,1661,550,212000,1,0,0,0,0
436,437,40.0,4400,0.0,734,384,1118,440,116000,0,0,0,0,1
437,438,50.0,6000,0.0,904,0,904,180,119000,0,0,0,0,1
438,439,40.0,4280,0.0,694,0,694,352,90350,0,0,0,0,1
439,440,67.0,12354,0.0,684,512,1196,528,110000,0,0,0,0,1
441,442,92.0,12108,270.0,1440,0,1440,0,118000,1,0,0,0,0
442,443,52.0,6240,0.0,1128,445,1573,360,162900,0,0,0,0,1
443,444,53.0,3922,72.0,1258,0,1258,648,172500,1,0,0,0,0
444,445,70.0,8750,0.0,933,975,1908,493,210000,1,0,0,0,0
445,446,73.0,9855,0.0,1689,0,1689,480,127500,1,0,0,0,0
448,449,50.0,8600,0.0,780,596,1376,198,119500,0,0,0,0,1
449,450,50.0,6000,0.0,679,504,1183,308,120000,0,0,0,0,1
450,451,70.0,5684,0.0,813,0,813,270,110000,0,0,0,0,1
453,454,75.0,9000,0.0,786,804,1590,676,210000,1,0,0,0,0
454,455,63.0,9297,0.0,1728,0,1728,560,188000,0,0,0,0,1
455,456,80.0,9600,320.0,1242,0,1242,528,175500,1,0,0,0,0
456,457,34.0,4571,0.0,624,720,1344,513,98000,0,0,0,0,1
460,461,75.0,8004,110.0,832,1103,1935,552,263435,0,0,1,0,0
461,462,60.0,7200,0.0,575,560,1135,576,155000,0,0,0,0,1
462,463,60.0,8281,0.0,864,0,864,360,62383,0,0,0,0,1
463,464,74.0,11988,0.0,849,811,1660,240,188700,0,0,0,0,1
464,465,60.0,8430,136.0,1040,0,1040,0,124000,1,0,0,0,0
466,467,85.0,10628,0.0,1277,0,1277,526,167000,1,0,0,0,0
467,468,79.0,9480,224.0,888,756,1644,312,146500,1,0,0,0,0
468,469,98.0,11428,248.0,1634,0,1634,866,250000,1,0,0,0,0
469,470,76.0,9291,120.0,832,878,1710,506,187000,1,0,0,0,0
471,472,92.0,11952,0.0,1161,808,1969,534,190000,1,0,0,0,0
472,473,35.0,3675,80.0,1072,0,1072,525,148000,0,1,0,0,0
473,474,110.0,14977,304.0,1976,0,1976,908,440000,1,0,0,0,0
474,475,41.0,5330,0.0,1652,0,1652,499,251000,1,0,0,0,0
475,476,80.0,8480,0.0,970,0,970,624,132500,0,0,0,0,1
476,477,75.0,13125,215.0,1493,0,1493,508,208900,1,0,0,0,0
478,479,79.0,10637,336.0,1718,0,1718,826,297000,1,0,0,0,0
480,481,98.0,16033,378.0,1850,0,1850,772,326000,1,0,0,0,0
482,483,50.0,2500,0.0,916,910,1826,164,155000,1,0,0,0,0
483,484,32.0,4500,116.0,1216,0,1216,402,164000,1,0,0,0,0
485,486,80.0,9600,0.0,1113,0,1113,264,147000,1,0,0,0,0
486,487,79.0,10289,168.0,1073,0,1073,515,156000,1,0,0,0,0
487,488,70.0,12243,0.0,1484,0,1484,487,175000,1,0,0,0,0
488,489,60.0,10800,0.0,1766,648,2414,520,160000,1,0,0,0,0
491,492,79.0,9490,0.0,958,620,1578,240,133000,1,0,0,0,0
492,493,105.0,15578,0.0,728,728,1456,429,172785,1,0,0,0,0
493,494,70.0,7931,0.0,1269,0,1269,308,155000,0,0,0,0,1
494,495,50.0,5784,0.0,886,0,886,273,91300,1,0,0,0,0
495,496,60.0,7879,0.0,720,0,720,0,34900,1,0,0,0,0
497,498,60.0,9120,0.0,1133,687,1820,240,184000,0,0,0,0,1
498,499,65.0,7800,89.0,899,0,899,288,130000,1,0,0,0,0
499,500,70.0,7535,0.0,912,0,912,297,120000,1,0,0,0,0
501,502,75.0,9803,0.0,866,902,1768,603,226700,1,0,0,0,0
502,503,70.0,9170,0.0,1214,0,1214,461,140000,0,0,0,0,1
503,504,100.0,15602,0.0,1801,0,1801,484,289000,1,0,0,0,0
505,506,60.0,7596,360.0,960,1000,1960,400,124500,0,0,0,0,1
506,507,80.0,9554,125.0,1065,846,1911,471,215000,1,0,0,0,0
507,508,75.0,7862,0.0,1218,0,1218,676,208300,1,0,0,0,0
508,509,60.0,9600,0.0,689,689,1378,360,161000,0,0,0,0,1
509,510,80.0,9600,132.0,1041,0,1041,270,124500,1,0,0,0,0
510,511,75.0,14559,70.0,1363,0,1363,288,164900,0,0,0,1,0
511,512,40.0,6792,94.0,1368,0,1368,474,202665,1,0,0,0,0
512,513,70.0,9100,0.0,864,0,864,624,129900,0,0,0,0,1
513,514,71.0,9187,0.0,1080,0,1080,484,134000,1,0,0,0,0
514,515,55.0,10594,0.0,789,0,789,200,96500,0,0,0,0,1
515,516,94.0,12220,305.0,2020,0,2020,900,402861,1,0,0,0,0
519,520,53.0,10918,0.0,1276,804,2080,282,234000,0,0,0,0,1
520,521,60.0,10800,0.0,694,600,1294,0,106250,1,0,0,0,0
521,522,90.0,11988,0.0,1244,0,1244,336,150000,1,0,0,0,0
522,523,50.0,5000,0.0,1004,660,1664,420,159000,0,0,0,0,1
525,526,62.0,7500,0.0,1266,0,1266,453,176000,1,0,0,0,0
526,527,70.0,13300,0.0,928,0,928,252,132000,1,0,0,0,0
528,529,58.0,9098,0.0,605,0,605,0,86000,1,0,0,0,0
530,531,85.0,10200,219.0,1509,0,1509,600,175000,1,0,0,0,0
531,532,60.0,6155,0.0,751,611,1362,502,128000,0,0,0,0,1
532,533,60.0,7200,0.0,827,0,827,392,107500,0,0,0,0,1
533,534,50.0,5000,0.0,334,0,334,0,39300,1,0,0,0,0
534,535,74.0,9056,0.0,707,707,1414,403,178000,1,0,0,0,0
535,536,70.0,7000,0.0,820,527,1347,0,107500,1,0,0,0,0
536,537,57.0,8924,0.0,880,844,1724,527,188000,1,0,0,0,0
542,543,78.0,10140,0.0,1680,0,1680,583,213250,1,0,0,0,0
543,544,34.0,4058,182.0,767,0,767,367,133000,1,0,0,0,0
546,547,70.0,8737,0.0,915,720,1635,440,210000,0,0,0,0,1
547,548,54.0,7244,0.0,768,0,768,624,129500,0,0,0,0,1
548,549,49.0,8235,0.0,825,0,825,720,125000,0,0,0,0,1
549,550,75.0,9375,0.0,912,1182,2094,615,263000,0,0,1,0,0
550,551,53.0,4043,0.0,1069,0,1069,440,140000,1,0,0,0,0
551,552,50.0,6000,0.0,928,0,928,288,112500,1,0,0,0,0
552,553,87.0,11146,250.0,1717,0,1717,908,255500,1,0,0,0,0
553,554,67.0,8777,0.0,1126,0,1126,520,108000,0,0,0,0,1
554,555,85.0,10625,292.0,1006,1040,2046,871,284000,0,0,1,0,0
555,556,58.0,6380,0.0,1048,0,1048,280,113000,0,0,0,0,1
556,557,69.0,14850,0.0,1092,0,1092,299,141000,1,0,0,0,0
557,558,60.0,11040,0.0,897,439,1336,570,108000,0,0,0,1,0
561,562,77.0,10010,0.0,1389,0,1389,418,170000,1,0,0,0,0
562,563,63.0,13907,0.0,996,0,996,0,108000,1,0,0,0,0
565,566,66.0,6858,0.0,841,806,1647,216,128000,0,0,0,0,1
566,567,77.0,11198,245.0,1134,1370,2504,656,325000,0,0,1,0,0
567,568,70.0,10171,168.0,1535,0,1535,532,214000,1,0,0,0,0
568,569,79.0,12327,0.0,1496,636,2132,612,316600,0,0,1,0,0
570,571,74.0,13101,108.0,1728,0,1728,576,142600,0,0,0,0,1
571,572,60.0,7332,207.0,864,0,864,288,120000,1,0,0,0,0
572,573,83.0,13159,0.0,846,846,1692,650,224500,1,0,0,0,0
573,574,76.0,9967,0.0,774,656,1430,400,170000,0,0,1,0,0
574,575,70.0,10500,82.0,576,533,1109,288,139000,0,0,1,0,0
575,576,80.0,8480,0.0,832,384,1216,336,118500,0,0,0,0,1
576,577,52.0,6292,0.0,877,600,1477,216,145000,0,0,0,0,1
577,578,96.0,11777,97.0,1320,0,1320,564,164500,1,0,0,0,0
578,579,34.0,3604,0.0,703,689,1392,540,146000,0,0,0,0,1
579,580,81.0,12150,335.0,1050,745,1795,352,131500,1,0,0,0,0
582,583,81.0,11841,104.0,816,0,816,0,118500,1,0,0,0,0
584,585,51.0,6120,0.0,989,584,1573,240,133000,0,0,0,0,1
586,587,55.0,10267,0.0,838,0,838,275,130000,0,0,0,0,1
587,588,74.0,8740,0.0,860,0,860,528,137000,0,0,0,0,1
589,590,50.0,9100,0.0,779,0,935,308,79500,0,0,0,0,1
590,591,64.0,8320,0.0,770,812,1582,520,185900,1,0,0,0,0
592,593,60.0,6600,0.0,816,0,816,816,138000,0,0,0,0,1
594,595,88.0,7990,0.0,924,0,924,280,110000,0,0,0,0,1
595,596,69.0,11302,238.0,1826,0,1826,758,319000,1,0,0,0,0
596,597,60.0,3600,0.0,684,684,1368,216,114504,0,0,0,0,1
597,598,53.0,3922,72.0,1402,0,1402,648,194201,1,0,0,0,0
600,601,74.0,10927,280.0,1058,846,1904,736,275000,0,0,1,0,0
601,602,50.0,9000,0.0,780,595,1375,544,141000,0,0,0,0,1
602,603,80.0,10041,0.0,927,988,1915,506,220000,1,0,0,0,0
603,604,30.0,3182,0.0,600,600,1200,480,151000,0,0,0,0,1
604,605,88.0,12803,99.0,1494,0,1494,530,221000,1,0,0,0,0
605,606,85.0,13600,176.0,1186,800,1986,486,205000,1,0,0,0,0
606,607,82.0,12464,0.0,1040,0,1040,576,152000,0,0,0,0,1
607,608,78.0,7800,0.0,1112,896,2008,230,225000,1,0,0,0,0
609,610,61.0,7943,192.0,1029,0,1029,261,118500,1,0,0,0,0
613,614,70.0,8402,0.0,1120,0,1120,0,147000,1,0,0,0,0
615,616,80.0,8800,156.0,1054,0,1054,480,137500,1,0,0,0,0
617,618,59.0,7227,0.0,832,0,832,528,105500,0,0,0,0,1
619,620,85.0,12244,226.0,1482,780,2262,749,305000,1,0,0,0,0
620,621,45.0,8248,0.0,864,0,864,0,67000,1,0,0,0,0
622,623,71.0,7064,153.0,980,0,980,484,135000,0,0,0,0,1
624,625,80.0,10400,288.0,1012,778,1790,484,165150,1,0,0,0,0
625,626,87.0,10000,261.0,1116,0,1116,440,160000,1,0,0,0,0
627,628,80.0,9600,164.0,1520,0,1520,364,153000,0,1,0,0,0
628,629,70.0,11606,192.0,1040,1040,2080,504,135000,1,0,0,0,0
629,630,82.0,9020,259.0,1350,0,1350,520,168500,1,0,0,0,0
630,631,50.0,9000,0.0,1089,661,1750,240,124000,0,0,0,0,1
631,632,34.0,4590,108.0,1554,0,1554,627,209500,1,0,0,0,0
632,633,85.0,11900,209.0,1411,0,1411,544,82500,1,0,0,0,0
633,634,80.0,9250,0.0,1056,0,1056,260,139400,1,0,0,0,0
634,635,64.0,6979,0.0,1056,0,1056,576,144000,0,0,0,0,1
636,637,51.0,6120,0.0,800,0,800,0,60000,1,0,0,0,0
637,638,50.0,6000,0.0,811,576,1387,256,93000,0,0,1,0,0
638,639,67.0,8777,0.0,796,0,796,0,85000,1,0,0,0,0
639,640,53.0,3982,0.0,1567,0,1567,648,264561,1,0,0,0,0
643,644,80.0,10793,263.0,780,840,1620,462,152000,1,0,0,0,0
644,645,85.0,9187,162.0,1766,0,1766,478,370878,1,0,0,0,0
646,647,60.0,7200,0.0,1048,0,1048,420,98300,0,0,0,0,1
647,648,85.0,10452,216.0,1094,0,1094,495,155000,1,0,0,0,0
648,649,70.0,7700,351.0,1051,788,1839,442,155000,1,0,0,0,0
651,652,60.0,9084,0.0,755,755,1510,296,108000,0,0,0,0,1
652,653,70.0,8750,0.0,909,807,1716,512,191000,1,0,0,0,0
653,654,60.0,10320,0.0,756,713,1469,216,135000,0,0,0,0,1
656,657,72.0,10007,54.0,1053,0,1053,312,145500,1,0,0,0,0
657,658,60.0,7200,0.0,851,651,1502,270,149000,1,0,0,0,0
659,660,75.0,9937,0.0,1486,0,1486,480,167000,0,0,0,0,1
663,664,90.0,10012,0.0,1181,0,1181,588,137500,0,0,0,0,1
665,666,106.0,11194,40.0,1454,482,1936,504,230500,1,0,0,0,0
667,668,65.0,8125,258.0,1679,0,1679,575,193500,1,0,0,0,0
669,670,80.0,11600,0.0,1180,0,1180,252,137500,0,0,0,0,1
670,671,64.0,8633,0.0,738,738,1476,540,173500,1,0,0,0,0
671,672,54.0,6629,0.0,697,672,1369,300,103600,0,0,0,0,1
673,674,110.0,14442,106.0,1839,0,1839,416,257500,1,0,0,0,0
674,675,80.0,9200,0.0,1136,0,1136,384,140000,1,0,0,0,0
676,677,60.0,9600,0.0,1095,679,1774,779,87000,0,0,0,0,0
677,678,52.0,9022,0.0,792,0,792,240,109500,0,0,0,0,1
680,681,50.0,8012,0.0,923,0,923,264,143000,1,0,0,0,0
681,682,55.0,4500,0.0,848,672,1520,281,159434,0,0,0,0,1
683,684,90.0,11248,215.0,1668,0,1668,702,285000,1,0,0,0,0
686,687,84.0,10207,0.0,874,887,1761,578,227875,1,0,0,0,0
688,689,60.0,8089,0.0,1419,0,1419,567,392000,1,0,0,0,0
689,690,61.0,7577,256.0,1362,0,1362,460,194700,1,0,0,0,0
693,694,60.0,5400,0.0,1073,0,1073,326,108480,0,0,0,0,1
694,695,51.0,6120,0.0,1067,472,1539,576,141500,0,0,0,0,1
695,696,54.0,13811,72.0,1137,0,1137,551,176000,1,0,0,0,0
696,697,50.0,6000,0.0,616,0,616,205,89000,0,0,0,0,1
697,698,57.0,6420,0.0,1148,0,1148,308,123500,0,0,0,0,1
698,699,65.0,8450,0.0,894,0,894,336,138500,0,0,0,0,1
699,700,59.0,4282,0.0,1391,0,1391,530,196000,1,0,0,0,0
701,702,80.0,9600,168.0,1164,0,1164,528,140000,1,0,0,0,0
703,704,76.0,7630,0.0,1032,780,1812,672,140000,0,0,0,0,1
704,705,70.0,8400,109.0,1484,0,1484,606,213000,1,0,0,0,0
705,706,70.0,5600,0.0,372,720,1092,0,55000,1,0,0,0,0
707,708,48.0,6240,176.0,1324,0,1324,550,254000,1,0,0,0,0
708,709,65.0,9018,0.0,728,728,1456,400,179540,1,0,0,0,0
710,711,56.0,4130,0.0,729,0,729,0,52000,1,0,0,0,0
711,712,66.0,8712,0.0,859,319,1178,384,102776,0,0,0,0,1
712,713,40.0,4671,0.0,1228,0,1228,472,189000,1,0,0,0,0
713,714,60.0,9873,160.0,960,0,960,576,129000,0,0,0,0,1
715,716,78.0,10140,174.0,1350,0,1350,478,165000,1,0,0,0,0
716,717,60.0,10800,0.0,1576,978,2554,704,159500,0,0,0,0,1
717,718,80.0,10000,0.0,1178,0,1178,439,157000,1,0,0,0,0
719,720,69.0,9920,0.0,971,0,971,300,128500,1,0,0,0,0
722,723,70.0,8120,0.0,864,0,864,463,124500,0,0,0,0,1
723,724,60.0,8172,0.0,997,473,1470,548,135000,0,0,0,0,1
724,725,86.0,13286,340.0,1698,0,1698,768,320000,1,0,0,0,0
725,726,60.0,6960,0.0,864,0,864,660,120500,0,0,0,0,1
727,728,64.0,7314,82.0,1232,0,1232,632,194500,1,0,0,0,0
728,729,85.0,11475,95.0,1776,0,1776,888,110000,0,0,0,0,1
729,730,52.0,6240,0.0,848,0,1208,539,103000,0,0,0,0,1
730,731,39.0,5389,0.0,1616,0,1616,608,236500,1,0,0,0,0
732,733,75.0,11404,202.0,1153,878,2031,541,222500,1,0,0,0,0
733,734,80.0,10000,0.0,1144,0,1144,264,131400,1,0,0,0,0
735,736,60.0,10800,0.0,880,888,1768,320,163000,0,0,0,0,1
736,737,60.0,8544,0.0,1040,0,1040,400,93500,0,0,0,0,1
737,738,72.0,10463,0.0,901,900,1801,800,239900,1,0,0,0,0
738,739,60.0,10800,0.0,1200,0,1200,0,179000,1,0,0,0,0
739,740,65.0,9313,0.0,864,864,1728,572,190000,1,0,0,0,0
740,741,60.0,9600,0.0,768,664,1432,360,132000,0,0,0,0,1
741,742,65.0,6768,0.0,912,0,912,288,142000,0,0,0,0,1
742,743,65.0,8450,108.0,1349,0,1349,539,179000,1,0,0,0,0
743,744,70.0,12886,0.0,1464,0,1464,480,175000,1,0,0,0,0
744,745,41.0,5395,0.0,1337,0,1337,462,180000,1,0,0,0,0
748,749,59.0,10593,338.0,1720,0,1720,527,260400,1,0,0,0,0
749,750,50.0,8405,0.0,1088,441,1529,240,98000,0,0,0,0,1
750,751,55.0,8800,0.0,792,348,1140,0,96500,1,0,0,0,0
752,753,79.0,9236,0.0,1494,0,1494,576,217000,1,0,0,0,0
753,754,80.0,10240,178.0,1038,1060,2098,878,275500,1,0,0,0,0
754,755,61.0,7930,0.0,1026,0,1026,440,156000,0,0,0,0,1
756,757,68.0,10769,0.0,866,902,1768,578,212000,1,0,0,0,0
760,761,70.0,9100,0.0,864,0,864,300,127500,0,0,0,0,1
761,762,60.0,6911,0.0,1301,0,1301,440,100000,0,0,0,0,1
762,763,72.0,8640,0.0,764,783,1547,614,215200,1,0,0,0,0
764,765,30.0,9549,0.0,1494,0,1494,481,270000,1,0,0,0,0
765,766,75.0,14587,284.0,1506,0,1506,592,264132,1,0,0,0,0
766,767,80.0,10421,42.0,980,734,1714,496,196500,1,0,0,0,0
767,768,75.0,12508,0.0,983,767,1750,423,160000,1,0,0,0,0
768,769,70.0,9100,0.0,1836,0,1836,484,216837,1,0,0,0,0
771,772,67.0,8877,0.0,1220,0,1220,396,102000,0,0,0,0,1
772,773,94.0,7819,0.0,1117,0,1117,672,107000,0,0,0,0,1
773,774,70.0,10150,1.0,912,0,912,275,114500,1,0,0,0,0
774,775,110.0,14226,375.0,1973,0,1973,895,395000,1,0,0,0,0
775,776,32.0,4500,320.0,1204,0,1204,412,162000,1,0,0,0,0
776,777,86.0,11210,240.0,1614,0,1614,865,221500,1,0,0,0,0
777,778,100.0,13350,0.0,894,0,894,440,142500,1,0,0,0,0
778,779,60.0,8400,320.0,2020,0,2020,630,144000,0,0,0,0,1
779,780,78.0,10530,90.0,1004,0,1004,504,135000,1,0,0,0,0
780,781,63.0,7875,38.0,1253,0,1253,402,176000,1,0,0,0,0
781,782,65.0,7153,0.0,810,793,1603,484,175900,1,0,0,0,0
782,783,67.0,16285,0.0,1430,0,1430,605,187100,1,0,0,0,0
784,785,35.0,6300,0.0,742,742,1484,0,128000,1,0,0,0,0
786,787,60.0,10800,0.0,966,686,1652,416,139000,0,0,0,0,1
787,788,76.0,10142,0.0,956,1128,2084,618,233000,0,0,1,0,0
788,789,50.0,6000,0.0,901,0,901,281,107900,0,0,0,0,1
790,791,43.0,3182,11.0,1145,0,1145,397,160200,1,0,0,0,0
792,793,92.0,9920,0.0,1127,886,2013,455,269790,1,0,0,0,0
793,794,76.0,9158,140.0,1496,0,1496,474,225000,1,0,0,0,0
795,796,70.0,8400,130.0,888,676,1564,476,171000,1,0,0,0,0
796,797,71.0,8197,148.0,1285,0,1285,528,143500,1,0,0,0,0
797,798,57.0,7677,0.0,773,0,773,240,110000,1,0,0,0,0
799,800,60.0,7200,252.0,981,787,1768,240,175000,0,0,0,0,1
800,801,79.0,12798,0.0,616,1072,1688,603,200000,1,0,0,0,0
801,802,40.0,4800,0.0,1196,0,1196,440,109900,0,0,0,0,1
802,803,63.0,8199,0.0,728,728,1456,410,189000,1,0,0,0,0
804,805,75.0,9000,0.0,1128,0,1128,286,118000,1,0,0,0,0
805,806,91.0,12274,256.0,1428,0,1428,554,227680,1,0,0,0,0
806,807,75.0,9750,0.0,980,0,980,384,135500,1,0,0,0,0
809,810,90.0,8100,0.0,1075,1063,2138,360,106000,0,0,0,0,1
810,811,78.0,10140,99.0,1309,0,1309,484,181000,1,0,0,0,0
812,813,66.0,8712,0.0,1044,0,1044,504,55993,0,1,0,0,0
813,814,75.0,9750,243.0,1442,0,1442,301,157900,1,0,0,0,0
814,815,45.0,8248,0.0,686,564,1250,280,116000,0,0,0,0,1
818,819,80.0,8816,80.0,1052,0,1052,440,155000,1,0,0,0,0
819,820,44.0,6371,128.0,1358,0,1358,484,224000,1,0,0,0,0
820,821,72.0,7226,0.0,798,842,1640,595,183000,1,0,0,0,0
821,822,60.0,6000,0.0,936,0,936,576,93000,0,0,0,0,1
823,824,60.0,9900,0.0,944,545,1489,240,139500,0,0,0,0,1
824,825,81.0,11216,0.0,1489,0,1489,776,232600,1,0,0,0,0
826,827,50.0,6130,0.0,784,0,784,0,109500,1,0,0,0,0
827,828,65.0,8529,0.0,1434,0,1434,527,189000,1,0,0,0,0
830,831,80.0,11900,387.0,1392,0,1392,458,166000,1,0,0,0,0
831,832,30.0,3180,0.0,520,600,1200,480,151000,0,0,0,0,1
832,833,44.0,9548,223.0,941,888,1829,613,237000,1,0,0,0,0
833,834,100.0,10004,180.0,1516,0,1516,472,167000,1,0,0,0,0
834,835,75.0,7875,136.0,1144,0,1144,456,139950,1,0,0,0,0
835,836,60.0,9600,0.0,1067,0,1067,436,128000,1,0,0,0,0
836,837,90.0,8100,0.0,1559,0,1559,812,153500,0,0,0,0,1
838,839,75.0,9525,0.0,1099,0,1099,352,144000,1,0,0,0,0
839,840,70.0,11767,0.0,768,432,1200,240,130500,0,0,0,0,1
841,842,60.0,10440,0.0,958,581,1539,686,157500,0,0,0,0,1
842,843,82.0,9020,183.0,1165,0,1165,490,174900,1,0,0,0,0
843,844,80.0,8000,0.0,1800,0,1800,0,141000,1,0,0,0,0
844,845,100.0,12665,0.0,876,540,1416,720,153900,0,0,0,0,1
846,847,75.0,9317,137.0,1006,769,1775,425,213000,1,0,0,0,0
847,848,36.0,15523,0.0,864,0,864,338,133500,1,0,0,0,0
849,850,80.0,9600,360.0,1094,761,1855,512,187000,1,0,0,0,0
850,851,36.0,4435,170.0,848,0,848,420,131500,1,0,0,0,0
852,853,53.0,7128,0.0,918,728,1646,240,164000,0,0,0,0,1
857,858,65.0,8125,0.0,702,779,1481,343,174000,1,0,0,0,0
858,859,80.0,10400,189.0,1370,0,1370,479,152000,1,0,0,0,0
860,861,55.0,7642,0.0,912,514,1426,216,189950,0,0,0,0,1
861,862,75.0,11625,0.0,1039,0,1039,504,131500,1,0,0,0,0
862,863,81.0,9672,0.0,1097,0,1097,480,152000,1,0,0,0,0
863,864,70.0,7931,0.0,1148,0,1148,672,132500,1,0,0,0,0
864,865,72.0,8640,0.0,1372,0,1372,529,250580,1,0,0,0,0
866,867,67.0,10656,274.0,1646,0,1646,870,248900,1,0,0,0,0
867,868,85.0,6970,0.0,1120,0,1120,544,129000,1,0,0,0,0
869,870,80.0,9938,246.0,1062,887,1949,574,236000,1,0,0,0,0
870,871,60.0,6600,0.0,894,0,894,308,109500,0,0,0,0,1
871,872,70.0,8750,116.0,804,878,1682,523,200500,1,0,0,0,0
872,873,74.0,8892,0.0,910,0,910,414,116000,1,0,0,0,0
873,874,60.0,12144,0.0,1036,0,1268,288,133000,1,0,0,0,0
874,875,52.0,5720,0.0,676,455,1131,200,66500,0,0,0,0,1
875,876,75.0,9000,0.0,1184,1426,2610,550,303477,0,0,1,0,0
877,878,74.0,8834,216.0,1462,762,2224,738,350000,1,0,0,0,0
878,879,88.0,11782,0.0,1155,0,1155,576,148000,0,0,0,0,1
880,881,60.0,7024,0.0,1090,0,1090,450,157000,1,0,0,0,0
881,882,44.0,13758,117.0,1187,530,1717,400,187500,1,0,0,0,0
883,884,60.0,6204,0.0,954,795,2230,440,118500,0,0,0,0,1
884,885,65.0,7150,60.0,892,0,892,288,100000,1,0,0,0,0
885,886,50.0,5119,60.0,1709,0,1709,506,328900,1,0,0,0,0
886,887,70.0,8393,122.0,1712,0,1712,588,145000,1,0,0,0,0
890,891,60.0,8064,0.0,672,252,924,576,122900,0,0,0,0,1
891,892,70.0,11184,92.0,918,765,1683,440,172500,1,0,0,0,0
892,893,70.0,8414,0.0,1068,0,1068,264,154500,1,0,0,0,0
894,895,64.0,7018,0.0,1535,0,1535,400,118858,1,0,0,0,0
896,897,50.0,8765,0.0,951,0,951,327,106500,0,0,0,0,1
897,898,64.0,7018,0.0,1120,1120,2240,528,142953,0,0,0,0,1
899,900,65.0,6993,0.0,1236,0,1236,288,135000,1,0,0,0,0
901,902,64.0,8712,0.0,1306,0,1306,756,153000,0,0,0,0,1
902,903,63.0,7875,0.0,807,702,1509,393,180000,1,0,0,0,0
903,904,50.0,14859,27.0,1670,0,1670,690,240000,1,0,0,0,0
905,906,80.0,9920,110.0,1063,0,1063,280,128000,1,0,0,0,0
907,908,86.0,11500,0.0,1020,1037,2057,180,250000,1,0,0,0,0
910,911,80.0,11600,361.0,1105,1169,2274,480,154300,0,0,0,0,1
912,913,51.0,6120,0.0,1015,0,1015,450,88000,0,0,0,0,1
913,914,82.0,6270,0.0,1001,1001,2002,871,145000,0,0,0,0,0
914,915,30.0,3000,76.0,612,612,1224,528,173733,0,0,0,0,1
916,917,50.0,9000,0.0,480,0,480,308,35311,0,0,0,0,1
918,919,103.0,13125,0.0,912,1215,2127,833,238000,1,0,0,0,0
919,920,87.0,11029,0.0,1414,0,1414,601,176500,1,0,0,0,0
920,921,70.0,8462,105.0,936,785,1721,471,201000,1,0,0,0,0
921,922,67.0,8777,0.0,1272,928,2200,0,145900,1,0,0,0,0
922,923,65.0,10237,0.0,1316,0,1316,397,169990,1,0,0,0,0
923,924,50.0,8012,0.0,1617,0,1617,533,193000,1,0,0,0,0
924,925,79.0,10240,157.0,1686,0,1686,612,207500,1,0,0,0,0
926,927,93.0,11999,340.0,1234,1140,2374,656,285000,0,0,1,0,0
930,931,73.0,8925,0.0,1466,0,1466,610,201000,1,0,0,0,0
931,932,70.0,9100,0.0,925,0,925,429,117500,0,0,0,0,1
932,933,84.0,11670,302.0,1905,0,1905,788,320000,1,0,0,0,0
933,934,63.0,8487,210.0,1500,0,1500,570,190000,1,0,0,0,0
935,936,52.0,5825,108.0,747,0,747,528,79900,0,0,0,0,1
937,938,75.0,9675,0.0,1113,858,1971,689,253000,1,0,0,0,0
938,939,73.0,8760,0.0,1391,571,1962,868,239799,1,0,0,0,0
940,941,55.0,12640,0.0,1728,0,1728,574,150900,1,0,0,0,0
942,943,42.0,7711,0.0,1440,0,1440,0,150000,1,0,0,0,0
945,946,98.0,8820,0.0,1188,561,1869,456,124900,0,0,0,0,1
946,947,70.0,8163,128.0,1144,0,1144,796,143000,1,0,0,0,0
947,948,85.0,14536,236.0,1629,0,1629,808,270000,1,0,0,0,0
948,949,65.0,14006,144.0,936,840,1776,474,192500,1,0,0,0,0
949,950,78.0,9360,0.0,1381,0,1381,676,197500,1,0,0,0,0
950,951,60.0,7200,0.0,864,0,864,720,129000,0,0,0,0,1
951,952,60.0,7800,0.0,965,0,965,300,119900,0,0,0,0,1
952,953,60.0,7200,0.0,768,0,768,396,133900,0,0,0,0,1
954,955,35.0,9400,250.0,980,0,980,0,127500,1,0,0,0,0
957,958,70.0,7420,0.0,1057,0,1057,576,132000,0,0,0,0,1
958,959,65.0,8450,0.0,1337,0,1337,531,185000,1,0,0,0,0
960,961,50.0,7207,0.0,858,0,858,0,116500,1,0,0,0,0
964,965,80.0,11316,44.0,824,1070,1894,510,214900,0,0,1,0,0
965,966,65.0,10237,0.0,783,701,1484,393,178900,1,0,0,0,0
968,969,50.0,5925,0.0,600,368,968,0,37900,1,0,0,0,0
969,970,75.0,10382,105.0,1095,0,1095,264,140000,1,0,0,0,0
970,971,60.0,10800,0.0,720,472,1192,0,135000,1,0,0,0,0
972,973,55.0,7892,0.0,918,0,918,264,99500,1,0,0,0,0
974,975,60.0,11414,0.0,1136,883,2019,532,167500,0,0,0,0,1
976,977,51.0,5900,0.0,869,0,869,0,85500,1,0,0,0,0
978,979,68.0,9450,0.0,894,0,894,400,110000,0,0,0,0,1
979,980,80.0,8816,0.0,1121,0,1121,480,139000,0,0,0,0,1
982,983,43.0,3182,16.0,1266,0,1266,388,159895,1,0,0,0,0
984,985,75.0,10125,0.0,1302,432,1734,539,126000,1,0,0,0,0
985,986,68.0,10880,0.0,1164,0,1164,240,125000,0,0,0,0,1
986,987,59.0,5310,0.0,1001,634,1635,255,117000,1,0,0,0,0
989,990,65.0,8125,0.0,778,798,1576,614,197000,1,0,0,0,0
992,993,80.0,9760,340.0,1020,831,1851,440,187000,1,0,0,0,0
993,994,68.0,8846,0.0,750,750,1500,564,173900,1,0,0,0,0
994,995,96.0,12456,230.0,1718,0,1718,786,337500,1,0,0,0,0
995,996,51.0,4712,0.0,774,456,1230,305,121600,0,0,0,0,1
998,999,60.0,9786,0.0,1077,0,1077,210,91000,0,0,0,0,1
999,1000,64.0,6762,24.0,1208,0,1208,632,206000,1,0,0,0,0
1000,1001,74.0,10206,0.0,944,0,944,528,82000,0,0,0,0,1
1001,1002,60.0,5400,0.0,691,0,691,216,86000,0,0,0,0,1
1002,1003,75.0,11957,53.0,1574,0,1574,824,232000,1,0,0,0,0
1004,1005,43.0,3182,16.0,1504,0,1504,457,181000,1,0,0,0,0
1005,1006,65.0,8385,220.0,985,0,985,328,149900,1,0,0,0,0
1008,1009,43.0,12118,108.0,1710,0,1710,550,240000,1,0,0,0,0
1009,1010,60.0,6000,0.0,1008,0,1522,0,102000,1,0,0,0,0
1011,1012,75.0,9825,0.0,1664,0,1664,0,100000,1,0,0,0,0
1012,1013,55.0,10592,0.0,900,602,1502,180,165000,0,0,0,0,1
1013,1014,60.0,7200,0.0,1022,0,1022,280,85000,0,0,0,0,1
1014,1015,60.0,11664,206.0,1082,0,1082,240,119200,0,0,0,0,1
1015,1016,70.0,8400,0.0,810,855,1665,528,227000,1,0,0,0,0
1016,1017,73.0,11883,196.0,1504,0,1504,478,203000,1,0,0,0,0
1019,1020,43.0,3013,145.0,1506,0,1506,440,213490,1,0,0,0,0
1020,1021,60.0,7024,0.0,1132,0,1132,451,176000,1,0,0,0,0
1021,1022,64.0,7406,84.0,1220,0,1220,632,194000,1,0,0,0,0
1022,1023,52.0,9439,0.0,912,336,1248,160,87000,0,0,0,0,1
1023,1024,43.0,3182,14.0,1504,0,1504,437,191000,1,0,0,0,0
1025,1026,70.0,7700,0.0,882,0,882,461,112500,0,0,0,0,1
1026,1027,73.0,9300,324.0,1264,0,1264,461,167500,1,0,0,0,0
1027,1028,71.0,9520,338.0,1646,0,1646,800,293077,1,0,0,0,0
1028,1029,79.0,9492,0.0,968,408,1376,240,105000,1,0,0,0,0
1034,1035,50.0,6305,0.0,954,0,954,240,119750,0,1,0,0,0
1036,1037,89.0,12898,70.0,1620,0,1620,912,315500,1,0,0,0,0
1040,1041,88.0,13125,67.0,1803,0,1803,484,155000,1,0,0,0,0
1042,1043,34.0,5381,135.0,1306,0,1306,624,196000,1,0,0,0,0
1043,1044,86.0,11839,99.0,1532,797,2329,514,262280,1,0,0,0,0
1047,1048,57.0,9245,0.0,990,0,990,672,145000,0,0,0,0,1
1049,1050,60.0,11100,0.0,930,0,930,308,84900,0,0,0,0,1
1050,1051,73.0,8993,0.0,1302,0,1302,436,176485,1,0,0,0,0
1051,1052,103.0,11175,0.0,1316,0,1316,440,200141,1,0,0,0,0
1052,1053,100.0,9500,272.0,1127,850,1977,540,165000,1,0,0,0,0
1053,1054,68.0,8562,145.0,1526,0,1526,364,144500,0,1,0,0,0
1054,1055,90.0,11367,210.0,1091,898,1989,586,255000,1,0,0,0,0
1055,1056,104.0,11361,160.0,1523,0,1523,478,180000,1,0,0,0,0
1056,1057,43.0,7052,240.0,1364,0,1364,484,185850,1,0,0,0,0
1058,1059,96.0,11308,154.0,1130,1054,2184,836,335000,1,0,0,0,0
1060,1061,41.0,4920,0.0,1338,0,1338,582,213500,1,0,0,0,0
1062,1063,85.0,13600,0.0,1422,915,2337,560,90000,0,0,0,0,1
1063,1064,50.0,6000,0.0,1103,0,1103,440,110500,0,0,0,0,1
1065,1066,80.0,14000,0.0,1306,954,2260,533,328000,1,0,0,0,0
1066,1067,59.0,7837,0.0,799,772,1571,380,178000,1,0,0,0,0
1067,1068,80.0,9760,360.0,798,813,1611,442,167900,1,0,0,0,0
1068,1069,42.0,3964,0.0,1291,1230,2521,576,151400,1,0,0,0,0
1069,1070,60.0,9600,0.0,893,0,893,576,135000,0,0,0,0,1
1070,1071,72.0,10152,120.0,1048,0,1048,286,135000,1,0,0,0,0
1071,1072,78.0,11700,0.0,829,727,1556,441,154000,1,0,0,0,0
1072,1073,50.0,7585,0.0,1002,454,1456,280,91500,0,0,0,0,1
1073,1074,75.0,7950,140.0,698,728,1426,440,159500,1,0,0,0,0
1074,1075,74.0,8556,0.0,1240,0,1240,826,194000,1,0,0,0,0
1075,1076,75.0,13125,0.0,960,780,1740,240,219500,1,0,0,0,0
1076,1077,60.0,10800,0.0,1096,370,1466,566,170000,1,0,0,0,0
1078,1079,37.0,4435,169.0,848,0,848,420,155900,1,0,0,0,0
1079,1080,65.0,8775,0.0,990,0,990,299,126000,1,0,0,0,0
1080,1081,80.0,11040,144.0,1258,0,1258,528,145000,1,0,0,0,0
1081,1082,75.0,7500,0.0,1040,0,1040,308,133000,1,0,0,0,0
1082,1083,70.0,8749,100.0,1459,0,1459,527,192000,1,0,0,0,0
1085,1086,73.0,9069,0.0,996,0,996,564,147000,1,0,0,0,0
1089,1090,37.0,3316,0.0,1247,0,1247,550,197000,1,0,0,0,0
1090,1091,60.0,8544,0.0,1040,0,1040,400,92900,0,0,0,0,1
1092,1093,60.0,8400,0.0,1390,304,1694,576,136500,0,0,0,0,1
1093,1094,71.0,9230,166.0,1200,0,1200,884,146000,0,0,0,0,1
1094,1095,74.0,5868,0.0,936,0,936,308,129000,1,0,0,0,0
1095,1096,78.0,9317,0.0,1314,0,1314,440,176432,1,0,0,0,0
1096,1097,60.0,6882,0.0,773,582,1355,0,127000,1,0,0,0,0
1098,1099,50.0,6000,0.0,757,567,1324,240,128000,0,0,0,0,1
1099,1100,82.0,11880,206.0,1601,0,1601,478,157000,1,0,0,0,0
1100,1101,60.0,8400,0.0,438,0,438,246,60000,0,0,0,0,1
1101,1102,61.0,9758,0.0,950,0,950,280,119500,0,0,0,0,1
1102,1103,70.0,7000,45.0,1134,0,1134,254,135000,1,0,0,0,0
1103,1104,79.0,8910,0.0,1194,0,1194,539,159500,0,0,1,0,0
1109,1110,107.0,11362,42.0,1836,0,1836,862,280000,1,0,0,0,0
1112,1113,73.0,7100,0.0,816,0,816,308,129900,0,0,0,0,1
1113,1114,66.0,8923,0.0,1008,0,1008,240,134500,1,0,0,0,0
1114,1115,90.0,5400,0.0,833,0,833,326,117000,0,0,0,0,1
1115,1116,93.0,12085,328.0,1734,0,1734,928,318000,1,0,0,0,0
1117,1118,57.0,9764,0.0,894,0,894,450,130000,1,0,0,0,0
1118,1119,85.0,13825,0.0,1021,580,1601,300,140000,0,0,1,0,0
1119,1120,70.0,7560,0.0,1040,0,1040,286,133700,1,0,0,0,0
1120,1121,59.0,8263,0.0,1012,0,1012,308,118400,0,0,0,0,1
1121,1122,84.0,10084,196.0,1552,0,1552,782,212900,1,0,0,0,0
1123,1124,50.0,9405,0.0,698,0,698,0,118000,1,0,0,0,0
1125,1126,60.0,10434,0.0,1005,0,1005,672,115000,0,0,0,0,1
1126,1127,53.0,3684,130.0,1555,0,1555,660,174000,1,0,0,0,0
1128,1129,59.0,11796,0.0,847,1112,1959,434,215000,0,0,1,0,0
1129,1130,60.0,7200,180.0,936,0,936,672,140000,0,0,0,0,1
1130,1131,65.0,7804,0.0,1328,653,1981,576,135000,0,0,0,0,1
1131,1132,63.0,10712,0.0,974,0,974,0,93500,1,0,0,0,0
1132,1133,90.0,9900,0.0,1178,1032,2210,205,117500,0,0,0,0,1
1133,1134,80.0,9828,0.0,1142,878,2020,466,239500,1,0,0,0,0
1134,1135,57.0,8773,0.0,916,684,1600,460,169000,1,0,0,0,0
1135,1136,60.0,6180,0.0,986,0,986,180,102000,0,0,0,0,1
1136,1137,80.0,9600,0.0,1032,220,1252,288,119000,1,0,0,0,0
1137,1138,54.0,6342,0.0,780,240,1020,0,94000,1,0,0,0,0
1139,1140,98.0,8731,0.0,1167,0,1167,495,144000,0,0,0,0,1
1140,1141,60.0,7350,0.0,952,0,952,840,139000,0,0,0,0,1
1144,1145,60.0,12180,0.0,672,252,924,280,80000,0,0,0,0,1
1145,1146,52.0,6240,0.0,1042,534,1576,225,149000,0,0,0,0,1
1147,1148,75.0,12000,0.0,860,704,1564,234,174500,1,0,0,0,0
1149,1150,50.0,9000,0.0,832,650,1482,324,143000,0,0,0,0,1
1150,1151,57.0,8280,0.0,932,0,932,306,124000,1,0,0,0,0
1152,1153,90.0,14115,0.0,1811,0,1811,470,230000,1,0,0,0,0
1155,1156,90.0,10768,0.0,1437,0,1437,528,218000,1,0,0,0,0
1156,1157,85.0,9350,0.0,1265,0,1265,502,179900,1,0,0,0,0
1157,1158,34.0,5001,166.0,1314,0,1314,626,230000,1,0,0,0,0
1158,1159,92.0,11932,186.0,1580,0,1580,830,235128,1,0,0,0,0
1159,1160,76.0,9120,270.0,943,933,1876,540,185000,1,0,0,0,0
1162,1163,109.0,8724,0.0,894,0,894,450,129000,1,0,0,0,0
1163,1164,60.0,12900,0.0,1258,0,1258,400,108959,0,0,0,1,0
1165,1166,79.0,9541,268.0,1502,0,1502,644,233170,1,0,0,0,0
1166,1167,64.0,10475,72.0,1694,0,1694,776,245350,1,0,0,0,0
1167,1168,58.0,10852,0.0,959,712,1671,472,173000,1,0,0,0,0
1170,1171,76.0,9880,0.0,1118,0,1118,358,171000,1,0,0,0,0
1171,1172,76.0,9120,0.0,1261,0,1261,433,163000,1,0,0,0,0
1172,1173,35.0,4017,0.0,625,625,1250,625,171900,0,0,0,0,1
1176,1177,37.0,6951,0.0,923,0,923,264,119500,1,0,0,0,0
1178,1179,54.0,7681,0.0,820,523,1343,186,154900,0,0,0,0,1
1179,1180,77.0,8335,0.0,1124,0,1124,0,93000,1,0,0,0,0
1181,1182,64.0,5587,186.0,1652,0,1652,482,392500,1,0,0,0,0
1183,1184,60.0,10800,0.0,1130,0,1130,720,120000,0,0,0,0,1
1185,1186,60.0,9738,0.0,949,272,1221,392,104900,1,0,0,0,0
1186,1187,107.0,10615,0.0,1014,685,1699,420,95000,0,0,0,1,0
1187,1188,89.0,12461,0.0,1624,0,1624,757,262000,1,0,0,0,0
1188,1189,68.0,8935,95.0,831,829,1660,493,195000,1,0,0,0,0
1189,1190,60.0,7500,0.0,1028,776,1804,442,189000,1,0,0,0,0
1192,1193,60.0,9600,0.0,842,630,1472,250,125000,0,0,0,0,1
1194,1195,80.0,9364,143.0,663,689,1352,299,158000,1,0,0,0,0
1195,1196,51.0,8029,0.0,728,728,1456,400,176000,1,0,0,0,0
1196,1197,58.0,14054,0.0,879,984,1863,660,219210,0,0,1,0,0
1197,1198,65.0,8850,0.0,815,875,1690,225,144000,0,0,0,0,1
1198,1199,70.0,9100,0.0,1212,0,1212,573,178000,1,0,0,0,0
1199,1200,75.0,11235,51.0,1382,0,1382,459,148000,1,0,0,0,0
1200,1201,71.0,9353,0.0,864,0,864,280,116050,1,0,0,0,0
1201,1202,80.0,10400,0.0,866,913,1779,546,197900,1,0,0,0,0
1202,1203,50.0,6000,0.0,884,464,1348,216,117000,0,0,0,0,1
1203,1204,75.0,9750,171.0,1630,0,1630,451,213000,1,0,0,0,0
1204,1205,78.0,10140,0.0,1074,0,1074,495,153500,1,0,0,0,0
1207,1208,70.0,9135,120.0,1700,0,1700,544,200000,1,0,0,0,0
1208,1209,70.0,7763,0.0,1283,0,1283,506,140000,0,0,0,0,1
1210,1211,70.0,11218,0.0,1055,790,1845,462,189000,1,0,0,0,0
1212,1213,50.0,9340,0.0,672,0,672,234,113000,1,0,0,0,0
1214,1215,69.0,10205,0.0,999,0,999,300,134500,1,0,0,0,0
1215,1216,99.0,7094,0.0,894,0,894,384,125000,0,0,0,0,1
1216,1217,68.0,8930,0.0,1318,584,1902,539,112000,1,0,0,0,0
1217,1218,72.0,8640,72.0,1314,0,1314,552,229456,1,0,0,0,0
1218,1219,52.0,6240,0.0,672,240,912,0,80500,1,0,0,0,0
1220,1221,66.0,7800,0.0,912,0,912,288,115000,1,0,0,0,0
1221,1222,55.0,8250,0.0,1211,0,1211,322,134000,1,0,0,0,0
1222,1223,78.0,10496,320.0,1168,678,1846,315,143000,1,0,0,0,0
1224,1225,60.0,15384,0.0,788,702,1490,388,184000,1,0,0,0,0
1225,1226,65.0,10482,63.0,1138,0,1138,264,145000,1,0,0,0,0
1226,1227,86.0,14598,74.0,894,1039,1933,668,214000,0,0,1,0,0
1227,1228,72.0,8872,300.0,912,0,912,576,147000,0,0,0,0,1
1229,1230,70.0,7910,0.0,1507,0,1507,404,127000,0,1,0,0,0
1231,1232,70.0,7728,120.0,1190,0,1190,540,132500,1,0,0,0,0
1232,1233,70.0,9842,0.0,1224,0,1224,462,101800,0,0,0,1,0
1234,1235,55.0,8525,0.0,1024,940,1964,0,130000,1,0,0,0,0
1235,1236,96.0,13132,0.0,892,892,1784,180,138887,0,0,0,0,1
1236,1237,36.0,2628,106.0,764,862,1626,474,175500,0,0,1,0,0
1237,1238,41.0,12393,0.0,847,1101,1948,434,195000,0,0,1,0,0
1238,1239,63.0,13072,0.0,1141,0,1141,484,142500,0,0,0,0,1
1239,1240,64.0,9037,32.0,1484,0,1484,472,265900,1,0,0,0,0
1240,1241,65.0,8158,252.0,884,884,1768,543,224900,1,0,0,0,0
1241,1242,83.0,9849,0.0,1689,0,1689,954,248328,1,0,0,0,0
1242,1243,85.0,10625,81.0,1173,0,1173,528,170000,1,0,0,0,0
1245,1246,78.0,12090,74.0,1140,728,1868,477,178000,0,0,1,0,0
1246,1247,65.0,8125,0.0,756,797,1553,615,186500,1,0,0,0,0
1248,1249,60.0,9600,0.0,1134,924,2058,396,129500,0,0,0,0,1
1249,1250,60.0,7200,0.0,988,0,988,276,119000,1,0,0,0,0
1252,1253,62.0,9858,0.0,874,0,874,288,130000,1,0,0,0,0
1254,1255,60.0,6931,92.0,760,896,1656,397,165400,0,0,1,0,0
1255,1256,52.0,6240,0.0,959,408,1367,560,127500,0,0,0,0,1
1257,1258,56.0,4060,0.0,864,0,864,0,99900,1,0,0,0,0
1258,1259,59.0,9587,182.0,1166,0,1166,400,190000,1,0,0,0,0
1259,1260,65.0,9750,0.0,1054,0,1054,460,151000,1,0,0,0,0
1261,1262,80.0,9600,0.0,1050,0,1050,338,128900,1,0,0,0,0
1263,1264,60.0,13515,0.0,1060,764,1824,520,180500,0,0,0,0,1
1264,1265,34.0,4060,0.0,1337,0,1337,511,181000,1,0,0,0,0
1265,1266,35.0,3735,218.0,713,739,1452,506,183900,0,0,0,0,1
1266,1267,60.0,10120,0.0,964,925,1889,308,122000,0,0,0,0,1
1267,1268,89.0,13214,0.0,2018,0,2018,746,378500,1,0,0,0,0
1269,1270,78.0,11344,180.0,874,650,1524,315,144000,1,0,0,0,0
1274,1275,53.0,5362,0.0,661,589,1250,552,139000,0,0,0,0,1
1279,1280,60.0,7500,0.0,698,430,1128,528,68400,0,0,0,0,1
1280,1281,67.0,9808,110.0,1573,0,1573,544,227000,1,0,0,0,0
1281,1282,50.0,8049,54.0,1339,0,1339,484,180000,1,0,0,0,0
1282,1283,61.0,8800,0.0,1040,0,1040,484,150500,0,0,0,0,1
1283,1284,94.0,9400,0.0,912,912,1824,0,139000,1,0,0,0,0
1284,1285,50.0,9638,0.0,1699,748,2447,336,169000,0,0,0,0,1
1285,1286,50.0,6000,0.0,825,587,1412,280,132500,0,0,0,0,1
1288,1289,40.0,5664,0.0,1659,0,1659,499,278000,1,0,0,0,0
1292,1293,60.0,6600,0.0,1378,994,2372,432,107500,1,0,0,0,0
1293,1294,78.0,10140,0.0,832,832,1664,528,162900,1,0,0,0,0
1294,1295,60.0,8172,0.0,864,0,864,572,115000,0,0,0,0,1
1295,1296,70.0,8400,168.0,1052,0,1052,288,138500,1,0,0,0,0
1296,1297,80.0,8700,148.0,1128,0,1128,525,155000,1,0,0,0,0
1297,1298,35.0,3675,82.0,1072,0,1072,525,140000,0,1,0,0,0
1299,1300,75.0,7500,0.0,1246,0,1246,305,154000,1,0,0,0,0
1303,1304,73.0,8688,228.0,1616,0,1616,834,232000,1,0,0,0,0
1304,1305,32.0,3363,117.0,976,732,1708,380,130000,0,0,0,0,1
1305,1306,108.0,13173,300.0,1652,0,1652,840,325000,1,0,0,0,0
1306,1307,48.0,6955,94.0,1368,0,1368,474,202500,1,0,0,0,0
1307,1308,60.0,8072,0.0,990,0,990,480,138000,0,0,0,0,1
1308,1309,100.0,12000,0.0,1122,0,1122,528,147000,1,0,0,0,0
1311,1312,68.0,8814,80.0,1274,0,1274,508,203000,1,0,0,0,0
1313,1314,108.0,14774,165.0,1422,1177,2599,779,333168,0,0,1,0,0
1314,1315,60.0,8190,0.0,948,0,948,280,119000,0,0,0,0,1
1315,1316,85.0,11075,0.0,1092,1020,2112,576,206900,1,0,0,0,0
1316,1317,61.0,10226,270.0,1630,0,1630,860,295493,1,0,0,0,0
1317,1318,47.0,4230,0.0,1352,0,1352,466,208900,1,0,0,0,0
1319,1320,75.0,10215,132.0,948,0,948,248,111000,1,0,0,0,0
1320,1321,70.0,8400,0.0,1478,0,1478,442,156500,1,0,0,0,0
1322,1323,107.0,10186,0.0,1061,862,1923,564,190000,1,0,0,0,0
1323,1324,50.0,5330,0.0,708,0,708,0,82500,1,0,0,0,0
1325,1326,40.0,3636,0.0,796,0,796,0,55000,1,0,0,0,0
1326,1327,70.0,4270,0.0,774,0,774,0,79000,1,0,0,0,0
1327,1328,60.0,6600,0.0,816,0,816,264,130500,1,0,0,0,0
1329,1330,63.0,9084,0.0,955,677,1632,462,176500,1,0,0,0,0
1331,1332,55.0,10780,0.0,954,0,954,576,132500,0,0,0,0,1
1332,1333,67.0,8877,0.0,816,0,816,288,100000,0,0,0,0,1
1333,1334,60.0,7200,0.0,803,557,1360,297,125500,0,0,0,0,1
1335,1336,80.0,9650,360.0,1334,0,1334,630,167900,1,0,0,0,0
1338,1339,95.0,13450,0.0,920,941,1861,492,200000,0,0,1,0,0
1340,1341,70.0,8294,0.0,872,0,872,480,123000,0,0,0,0,1
1341,1342,66.0,13695,0.0,1114,0,1114,576,155000,0,0,0,0,1
1343,1344,57.0,7558,0.0,1172,741,1913,342,177000,0,0,0,0,1
1344,1345,85.0,11103,0.0,728,728,1456,440,155835,1,0,0,0,0
1345,1346,50.0,6000,0.0,960,0,960,308,108500,0,0,0,0,1
1347,1348,93.0,15306,100.0,1776,0,1776,712,283463,1,0,0,0,0
1349,1350,50.0,5250,0.0,938,1215,2358,0,122000,1,0,0,0,0
1351,1352,70.0,9247,318.0,858,858,1716,490,171000,1,0,0,0,0
1352,1353,50.0,6000,0.0,786,390,1176,624,134900,0,0,0,0,1
1355,1356,102.0,10192,143.0,1222,698,1920,487,170000,1,0,0,0,0
1360,1361,51.0,9842,0.0,990,1611,2601,621,189000,0,0,1,0,0
1363,1364,73.0,8499,0.0,616,796,1412,432,156932,0,0,1,0,0
1364,1365,30.0,3180,0.0,520,600,1200,480,144152,0,0,0,0,1
1366,1367,68.0,9179,158.0,882,908,1790,588,193000,1,0,0,0,0
1367,1368,41.0,2665,0.0,925,550,1475,336,127000,1,0,0,0,0
1369,1370,48.0,10635,171.0,1668,0,1668,502,232000,1,0,0,0,0
1370,1371,90.0,5400,0.0,840,534,1374,338,105000,0,0,0,0,1
1371,1372,80.0,9600,0.0,1661,0,1661,377,165500,0,0,1,0,0
1372,1373,75.0,9750,0.0,1108,989,2097,583,274300,0,0,0,0,1
1374,1375,85.0,10625,0.0,1026,932,1958,936,250000,1,0,0,0,0
1375,1376,89.0,10991,80.0,1571,0,1571,722,239000,1,0,0,0,0
1376,1377,52.0,6292,0.0,790,0,790,160,91000,0,0,0,0,1
1377,1378,60.0,10998,0.0,984,620,1604,660,117000,0,0,0,0,1
1379,1380,73.0,9735,0.0,754,640,1394,400,167500,0,0,1,0,0
1380,1381,45.0,8212,0.0,864,0,864,200,58500,0,0,0,0,1
1382,1383,60.0,7200,0.0,998,764,1762,576,157000,0,0,0,0,1
1384,1385,60.0,9060,0.0,698,560,1258,280,105000,0,0,0,0,1
1385,1386,40.0,5436,0.0,796,358,1154,240,125500,0,0,0,0,1
1387,1388,60.0,8520,0.0,1664,862,2526,216,136000,0,0,0,0,1
1388,1389,42.0,14892,160.0,1746,0,1746,758,377500,1,0,0,0,0
1389,1390,60.0,6000,0.0,869,349,1218,440,131000,0,0,0,0,1
1390,1391,70.0,9100,244.0,1525,0,1525,541,235000,1,0,0,0,0
1391,1392,65.0,8944,0.0,1584,0,1584,792,124000,0,0,0,0,1
1392,1393,68.0,7838,0.0,900,0,900,288,123000,1,0,0,0,0
1393,1394,60.0,10800,0.0,1221,691,1912,672,163000,0,0,0,0,1
1394,1395,53.0,4045,45.0,1500,0,1500,648,246578,1,0,0,0,0
1395,1396,88.0,12665,245.0,1133,1349,2482,642,281213,0,0,1,0,0
1397,1398,51.0,6120,0.0,939,574,1513,180,137500,0,0,0,0,1
1398,1399,60.0,7200,0.0,1136,768,1904,240,138000,1,0,0,0,0
1399,1400,51.0,6171,0.0,1160,448,1608,216,137450,0,0,0,0,1
1400,1401,50.0,6000,0.0,950,208,1158,208,120000,0,0,1,0,0
1401,1402,62.0,7415,0.0,864,729,1593,398,193000,1,0,0,0,0
1402,1403,64.0,6762,0.0,1294,0,1294,662,193879,1,0,0,0,0
1403,1404,49.0,15256,84.0,1464,0,1464,754,282922,1,0,0,0,0
1404,1405,60.0,10410,0.0,694,520,1214,936,105000,0,0,0,0,1
1405,1406,44.0,3842,174.0,1646,0,1646,482,275000,1,0,0,0,0
1406,1407,70.0,8445,0.0,768,0,768,396,133000,0,0,0,0,1
1408,1409,60.0,7740,0.0,741,622,1363,528,125500,0,0,0,0,1
1410,1411,79.0,12420,0.0,944,896,1840,622,230000,1,0,0,0,0
1411,1412,80.0,9600,0.0,1112,556,1668,271,140000,1,0,0,0,0
1412,1413,60.0,7200,0.0,1040,0,1040,420,90000,0,0,0,0,1
1413,1414,88.0,10994,366.0,1844,0,1844,620,257000,1,0,0,0,0
1414,1415,64.0,13053,0.0,1053,795,1848,370,207000,0,0,0,0,1
1415,1416,51.0,3635,130.0,1569,0,1569,660,175900,1,0,0,0,0
1416,1417,60.0,11340,0.0,1246,1044,2290,560,122500,0,0,0,0,1
1418,1419,71.0,9204,0.0,1144,0,1144,336,124000,0,0,0,0,1
1421,1422,53.0,4043,0.0,1069,0,1069,440,127500,1,0,0,0,0
1422,1423,37.0,4435,170.0,848,0,848,420,136500,1,0,0,0,0
1425,1426,80.0,10721,243.0,1252,0,1252,528,142000,0,0,0,0,1
1427,1428,60.0,10930,0.0,1048,510,1558,288,140000,1,0,0,0,0
1428,1429,60.0,7200,294.0,804,0,804,240,119000,1,0,0,0,0
1432,1433,60.0,10800,0.0,968,0,968,216,64500,0,0,0,0,1
1433,1434,93.0,10261,318.0,962,830,1792,451,186500,1,0,0,0,0
1435,1436,80.0,8400,237.0,1537,0,1537,462,174000,1,0,0,0,0
1436,1437,60.0,9000,0.0,864,0,864,528,120500,0,0,0,0,1
1438,1439,90.0,7407,0.0,1236,0,1236,923,149700,1,0,0,0,0
1439,1440,80.0,11584,96.0,1040,685,1725,550,197000,1,0,0,0,0
1440,1441,79.0,11526,0.0,1423,748,2555,672,191000,0,0,0,0,1
1442,1443,85.0,11003,160.0,1026,981,2007,812,310000,1,0,0,0,0
1444,1445,63.0,8500,106.0,1422,0,1422,626,179600,1,0,0,0,0
1445,1446,70.0,8400,0.0,913,0,913,240,129000,0,0,0,0,1
1448,1449,70.0,11767,0.0,796,550,1346,384,112000,0,0,0,0,1
1450,1451,60.0,9000,0.0,896,896,1792,0,136000,1,0,0,0,0
1451,1452,78.0,9262,194.0,1578,0,1578,840,287090,1,0,0,0,0
1452,1453,35.0,3675,80.0,1072,0,1072,525,145000,0,1,0,0,0
1454,1455,62.0,7500,0.0,1221,0,1221,400,185000,1,0,0,0,0
1455,1456,62.0,7917,0.0,953,694,1647,460,175000,1,0,0,0,0
1457,1458,66.0,9042,0.0,1188,1152,2340,252,266500,1,0,0,0,0
1458,1459,68.0,9717,0.0,1078,0,1078,240,142125,1,0,0,0,0
1459,1460,75.0,9937,0.0,1256,0,1256,276,147500,1,0,0,0,0
